,DataSet,TotalFeat,Range,Round 1,Round 2,Round 3,Average
192,WikiCS,300,192,0.707087959,0.690862511,0.710503843,0.702818104
259,WikiCS,300,259,0.700256191,0.727583262,0.71648164,0.714773698
94,WikiCS,300,94,0.713065756,0.717335611,0.694278395,0.708226587
172,WikiCS,300,172,0.69940222,0.728437233,0.69940222,0.709080558
119,WikiCS,300,119,0.725021349,0.700256191,0.721605465,0.715627669
49,WikiCS,300,49,0.720751494,0.711357814,0.754056362,0.72872189
282,WikiCS,300,282,0.736976943,0.726729291,0.719043553,0.727583262
220,WikiCS,300,220,0.731853117,0.685738685,0.721605465,0.713065756
45,WikiCS,300,45,0.727583262,0.693424424,0.72587532,0.715627669
232,WikiCS,300,232,0.711357814,0.724167378,0.715627669,0.717050954
299,WikiCS,300,299,0.715627669,0.725021349,0.715627669,0.718758896
293,WikiCS,300,293,0.715627669,0.705380017,0.736122972,0.719043553
204,WikiCS,300,204,0.745516652,0.719043553,0.721605465,0.72872189
96,WikiCS,300,96,0.724167378,0.712211785,0.698548249,0.711642471
15,WikiCS,300,15,0.736976943,0.703672075,0.725021349,0.721890122
199,WikiCS,300,199,0.746370623,0.701964133,0.730999146,0.726444634
61,WikiCS,300,61,0.695986336,0.700256191,0.714773698,0.703672075
144,WikiCS,300,144,0.741246798,0.680614859,0.693424424,0.70509536
124,WikiCS,300,124,0.709649872,0.736122972,0.726729291,0.724167378
93,WikiCS,300,93,0.714773698,0.705380017,0.719043553,0.713065756
131,WikiCS,300,131,0.704526046,0.72587532,0.701964133,0.7107885
35,WikiCS,300,35,0.715627669,0.726729291,0.697694278,0.713350413
181,WikiCS,300,181,0.703672075,0.700256191,0.700256191,0.701394819
242,WikiCS,300,242,0.719043553,0.740392827,0.708795901,0.722744093
14,WikiCS,300,14,0.706233988,0.715627669,0.713919727,0.711927128
195,WikiCS,300,195,0.718189582,0.719897523,0.719043553,0.719043553
157,WikiCS,300,157,0.73441503,0.720751494,0.714773698,0.723313407
152,WikiCS,300,152,0.706233988,0.685738685,0.729291204,0.707087959
223,WikiCS,300,223,0.717335611,0.686592656,0.706233988,0.703387418
200,WikiCS,300,200,0.72587532,0.69940222,0.719897523,0.715058355
44,WikiCS,300,44,0.727583262,0.711357814,0.694278395,0.711073157
285,WikiCS,300,285,0.708795901,0.698548249,0.702818104,0.703387418
209,WikiCS,300,209,0.713919727,0.713919727,0.709649872,0.712496442
136,WikiCS,300,136,0.722459436,0.704526046,0.69940222,0.708795901
231,WikiCS,300,231,0.712211785,0.698548249,0.717335611,0.709365215
67,WikiCS,300,67,0.717335611,0.69000854,0.711357814,0.706233988
151,WikiCS,300,151,0.704526046,0.717335611,0.700256191,0.707372616
206,WikiCS,300,206,0.714773698,0.727583262,0.717335611,0.719897523
82,WikiCS,300,82,0.722459436,0.706233988,0.724167378,0.717620268
162,WikiCS,300,162,0.703672075,0.725021349,0.737830914,0.722174779
197,WikiCS,300,197,0.707087959,0.718189582,0.70794193,0.711073157
267,WikiCS,300,267,0.721605465,0.696840307,0.710503843,0.709649872
91,WikiCS,300,91,0.703672075,0.703672075,0.713919727,0.707087959
51,WikiCS,300,51,0.692570453,0.713065756,0.730999146,0.712211785
13,WikiCS,300,13,0.708795901,0.69940222,0.70794193,0.705380017
241,WikiCS,300,241,0.723313407,0.717335611,0.703672075,0.714773698
228,WikiCS,300,228,0.719043553,0.723313407,0.70794193,0.716766297
76,WikiCS,300,76,0.704526046,0.728437233,0.719043553,0.717335611
26,WikiCS,300,26,0.711357814,0.695986336,0.700256191,0.702533447
265,WikiCS,300,265,0.720751494,0.702818104,0.703672075,0.709080558
292,WikiCS,300,292,0.700256191,0.72587532,0.700256191,0.708795901
84,WikiCS,300,84,0.729291204,0.712211785,0.717335611,0.719612866
154,WikiCS,300,154,0.727583262,0.719043553,0.678052946,0.708226587
189,WikiCS,300,189,0.717335611,0.712211785,0.678906917,0.702818104
134,WikiCS,300,134,0.711357814,0.732707088,0.69940222,0.714489041
128,WikiCS,300,128,0.718189582,0.737830914,0.714773698,0.723598064
250,WikiCS,300,250,0.71648164,0.712211785,0.719043553,0.715912326
175,WikiCS,300,175,0.721605465,0.728437233,0.71648164,0.722174779
296,WikiCS,300,296,0.720751494,0.719043553,0.724167378,0.721320808
47,WikiCS,300,47,0.703672075,0.721605465,0.714773698,0.713350413
133,WikiCS,300,133,0.730999146,0.701110162,0.685738685,0.705949331
135,WikiCS,300,135,0.70794193,0.71648164,0.713919727,0.712781099
9,WikiCS,300,9,0.742100769,0.719043553,0.719043553,0.726729291
143,WikiCS,300,143,0.708795901,0.719897523,0.717335611,0.715343012
272,WikiCS,300,272,0.701964133,0.702818104,0.740392827,0.715058355
92,WikiCS,300,92,0.706233988,0.709649872,0.711357814,0.709080558
18,WikiCS,300,18,0.718189582,0.73441503,0.718189582,0.723598064
97,WikiCS,300,97,0.723313407,0.711357814,0.72587532,0.72018218
8,WikiCS,300,8,0.713065756,0.731853117,0.721605465,0.722174779
224,WikiCS,300,224,0.702818104,0.727583262,0.724167378,0.718189582
118,WikiCS,300,118,0.698548249,0.713065756,0.730145175,0.713919727
257,WikiCS,300,257,0.718189582,0.695986336,0.719043553,0.711073157
28,WikiCS,300,28,0.707087959,0.732707088,0.719897523,0.719897523
37,WikiCS,300,37,0.70794193,0.697694278,0.714773698,0.706803302
254,WikiCS,300,254,0.705380017,0.705380017,0.696840307,0.702533447
287,WikiCS,300,287,0.712211785,0.735269001,0.695132365,0.714204384
4,WikiCS,300,4,0.712211785,0.718189582,0.692570453,0.707657273
36,WikiCS,300,36,0.733561059,0.747224594,0.72587532,0.735553658
113,WikiCS,300,113,0.725021349,0.712211785,0.713919727,0.717050954
29,WikiCS,300,29,0.73441503,0.728437233,0.708795901,0.723882721
230,WikiCS,300,230,0.717335611,0.717335611,0.741246798,0.725306006
168,WikiCS,300,168,0.722459436,0.728437233,0.71648164,0.722459436
227,WikiCS,300,227,0.713919727,0.702818104,0.706233988,0.707657273
145,WikiCS,300,145,0.723313407,0.702818104,0.710503843,0.712211785
33,WikiCS,300,33,0.714773698,0.70794193,0.742100769,0.721605465
78,WikiCS,300,78,0.725021349,0.700256191,0.718189582,0.714489041
148,WikiCS,300,148,0.701110162,0.72587532,0.711357814,0.712781099
10,WikiCS,300,10,0.700256191,0.722459436,0.730145175,0.717620268
95,WikiCS,300,95,0.719897523,0.731853117,0.718189582,0.723313407
237,WikiCS,300,237,0.721605465,0.720751494,0.719897523,0.720751494
178,WikiCS,300,178,0.708795901,0.73441503,0.729291204,0.724167378
101,WikiCS,300,101,0.724167378,0.726729291,0.72587532,0.725590663
185,WikiCS,300,185,0.704526046,0.72587532,0.719043553,0.71648164
251,WikiCS,300,251,0.713919727,0.719043553,0.69940222,0.7107885
286,WikiCS,300,286,0.711357814,0.701110162,0.71648164,0.709649872
165,WikiCS,300,165,0.721605465,0.691716482,0.741246798,0.718189582
53,WikiCS,300,53,0.70794193,0.708795901,0.730999146,0.715912326
233,WikiCS,300,233,0.714773698,0.705380017,0.719043553,0.713065756
203,WikiCS,300,203,0.72587532,0.69940222,0.724167378,0.71648164
68,WikiCS,300,68,0.712211785,0.719897523,0.719043553,0.717050954
244,WikiCS,300,244,0.712211785,0.712211785,0.72587532,0.716766297
252,WikiCS,300,252,0.721605465,0.712211785,0.715627669,0.71648164
106,WikiCS,300,106,0.737830914,0.711357814,0.680614859,0.709934529
71,WikiCS,300,71,0.714773698,0.721605465,0.71648164,0.717620268
221,WikiCS,300,221,0.700256191,0.720751494,0.722459436,0.714489041
268,WikiCS,300,268,0.704526046,0.721605465,0.736976943,0.721036151
102,WikiCS,300,102,0.707087959,0.727583262,0.711357814,0.715343012
294,WikiCS,300,294,0.746370623,0.706233988,0.707087959,0.719897523
177,WikiCS,300,177,0.720751494,0.719043553,0.727583262,0.722459436
25,WikiCS,300,25,0.69940222,0.695986336,0.722459436,0.705949331
63,WikiCS,300,63,0.696840307,0.724167378,0.722459436,0.714489041
238,WikiCS,300,238,0.683176772,0.711357814,0.701964133,0.698832906
74,WikiCS,300,74,0.726729291,0.712211785,0.720751494,0.719897523
298,WikiCS,300,298,0.713919727,0.72587532,0.711357814,0.717050954
218,WikiCS,300,218,0.736976943,0.717335611,0.723313407,0.72587532
229,WikiCS,300,229,0.713919727,0.719043553,0.702818104,0.711927128
258,WikiCS,300,258,0.722459436,0.720751494,0.688300598,0.710503843
121,WikiCS,300,121,0.704526046,0.701964133,0.714773698,0.707087959
289,WikiCS,300,289,0.727583262,0.735269001,0.70794193,0.723598064
123,WikiCS,300,123,0.736122972,0.721605465,0.733561059,0.730429832
235,WikiCS,300,235,0.70794193,0.736122972,0.707087959,0.717050954
217,WikiCS,300,217,0.695132365,0.719043553,0.722459436,0.712211785
184,WikiCS,300,184,0.732707088,0.722459436,0.723313407,0.726159977
279,WikiCS,300,279,0.69940222,0.713919727,0.706233988,0.706518645
202,WikiCS,300,202,0.742100769,0.701110162,0.713919727,0.719043553
48,WikiCS,300,48,0.753202391,0.737830914,0.746370623,0.745801309
23,WikiCS,300,23,0.719043553,0.724167378,0.743808711,0.729006547
40,WikiCS,300,40,0.721605465,0.746370623,0.710503843,0.726159977
62,WikiCS,300,62,0.713919727,0.740392827,0.698548249,0.717620268
80,WikiCS,300,80,0.725021349,0.714773698,0.713065756,0.717620268
122,WikiCS,300,122,0.700256191,0.718189582,0.703672075,0.707372616
149,WikiCS,300,149,0.721605465,0.732707088,0.715627669,0.723313407
173,WikiCS,300,173,0.721605465,0.722459436,0.69940222,0.714489041
27,WikiCS,300,27,0.703672075,0.725021349,0.745516652,0.724736692
188,WikiCS,300,188,0.69940222,0.727583262,0.713919727,0.71363507
176,WikiCS,300,176,0.71648164,0.712211785,0.713065756,0.713919727
105,WikiCS,300,105,0.727583262,0.729291204,0.728437233,0.728437233
247,WikiCS,300,247,0.728437233,0.708795901,0.695132365,0.7107885
55,WikiCS,300,55,0.692570453,0.703672075,0.722459436,0.706233988
72,WikiCS,300,72,0.717335611,0.697694278,0.735269001,0.716766297
281,WikiCS,300,281,0.736976943,0.702818104,0.73441503,0.724736692
54,WikiCS,300,54,0.721605465,0.685738685,0.729291204,0.712211785
291,WikiCS,300,291,0.722459436,0.742100769,0.72587532,0.730145175
87,WikiCS,300,87,0.719897523,0.713065756,0.722459436,0.718474239
112,WikiCS,300,112,0.720751494,0.729291204,0.713065756,0.721036151
5,WikiCS,300,5,0.707087959,0.724167378,0.711357814,0.714204384
245,WikiCS,300,245,0.731853117,0.704526046,0.721605465,0.71932821
59,WikiCS,300,59,0.701110162,0.717335611,0.711357814,0.709934529
109,WikiCS,300,109,0.719897523,0.710503843,0.715627669,0.715343012
183,WikiCS,300,183,0.707087959,0.736122972,0.711357814,0.718189582
186,WikiCS,300,186,0.692570453,0.705380017,0.724167378,0.707372616
160,WikiCS,300,160,0.71648164,0.736122972,0.718189582,0.723598064
261,WikiCS,300,261,0.747224594,0.728437233,0.724167378,0.733276402
225,WikiCS,300,225,0.713919727,0.700256191,0.719897523,0.711357814
32,WikiCS,300,32,0.698548249,0.710503843,0.719043553,0.709365215
263,WikiCS,300,263,0.719897523,0.707087959,0.707087959,0.711357814
99,WikiCS,300,99,0.730145175,0.711357814,0.707087959,0.716196983
187,WikiCS,300,187,0.713919727,0.712211785,0.732707088,0.719612866
198,WikiCS,300,198,0.714773698,0.737830914,0.735269001,0.729291204
191,WikiCS,300,191,0.719897523,0.723313407,0.724167378,0.722459436
163,WikiCS,300,163,0.715627669,0.705380017,0.717335611,0.712781099
210,WikiCS,300,210,0.719897523,0.727583262,0.731853117,0.726444634
12,WikiCS,300,12,0.723313407,0.702818104,0.724167378,0.716766297
156,WikiCS,300,156,0.717335611,0.732707088,0.730145175,0.726729291
288,WikiCS,300,288,0.736122972,0.69000854,0.728437233,0.718189582
115,WikiCS,300,115,0.719043553,0.684884714,0.725021349,0.709649872
146,WikiCS,300,146,0.71648164,0.710503843,0.695986336,0.707657273
19,WikiCS,300,19,0.730999146,0.715627669,0.724167378,0.723598064
114,WikiCS,300,114,0.704526046,0.701110162,0.70794193,0.704526046
222,WikiCS,300,222,0.731853117,0.71648164,0.70794193,0.718758896
196,WikiCS,300,196,0.730145175,0.72587532,0.741246798,0.732422431
174,WikiCS,300,174,0.740392827,0.736122972,0.701964133,0.726159977
73,WikiCS,300,73,0.712211785,0.694278395,0.730999146,0.712496442
7,WikiCS,300,7,0.70794193,0.678906917,0.725021349,0.703956732
142,WikiCS,300,142,0.700256191,0.701964133,0.694278395,0.698832906
239,WikiCS,300,239,0.745516652,0.713065756,0.729291204,0.729291204
273,WikiCS,300,273,0.700256191,0.695986336,0.698548249,0.698263592
130,WikiCS,300,130,0.701964133,0.701964133,0.701964133,0.701964133
138,WikiCS,300,138,0.709649872,0.710503843,0.674637062,0.698263592
205,WikiCS,300,205,0.720751494,0.700256191,0.722459436,0.714489041
43,WikiCS,300,43,0.686592656,0.701964133,0.723313407,0.703956732
147,WikiCS,300,147,0.707087959,0.701110162,0.731853117,0.713350413
248,WikiCS,300,248,0.714773698,0.704526046,0.71648164,0.711927128
2,WikiCS,300,2,0.711357814,0.729291204,0.708795901,0.71648164
226,WikiCS,300,226,0.724167378,0.708795901,0.727583262,0.72018218
137,WikiCS,300,137,0.702818104,0.711357814,0.721605465,0.711927128
249,WikiCS,300,249,0.706233988,0.703672075,0.715627669,0.708511244
275,WikiCS,300,275,0.707087959,0.739538856,0.717335611,0.721320808
66,WikiCS,300,66,0.709649872,0.727583262,0.700256191,0.712496442
70,WikiCS,300,70,0.704526046,0.69940222,0.722459436,0.708795901
214,WikiCS,300,214,0.685738685,0.729291204,0.717335611,0.7107885
182,WikiCS,300,182,0.695986336,0.714773698,0.744662681,0.718474239
56,WikiCS,300,56,0.718189582,0.697694278,0.722459436,0.712781099
38,WikiCS,300,38,0.736122972,0.731853117,0.712211785,0.726729291
16,WikiCS,300,16,0.722459436,0.704526046,0.72587532,0.717620268
129,WikiCS,300,129,0.695986336,0.712211785,0.718189582,0.708795901
120,WikiCS,300,120,0.715627669,0.71648164,0.731853117,0.721320808
161,WikiCS,300,161,0.723313407,0.729291204,0.706233988,0.719612866
20,WikiCS,300,20,0.719043553,0.709649872,0.720751494,0.71648164
125,WikiCS,300,125,0.709649872,0.701110162,0.725021349,0.711927128
201,WikiCS,300,201,0.701110162,0.71648164,0.733561059,0.717050954
98,WikiCS,300,98,0.725021349,0.720751494,0.71648164,0.720751494
11,WikiCS,300,11,0.738684885,0.731853117,0.701110162,0.723882721
126,WikiCS,300,126,0.720751494,0.713065756,0.727583262,0.720466837
65,WikiCS,300,65,0.71648164,0.718189582,0.719897523,0.718189582
297,WikiCS,300,297,0.715627669,0.720751494,0.706233988,0.714204384
39,WikiCS,300,39,0.720751494,0.73441503,0.729291204,0.728152576
190,WikiCS,300,190,0.708795901,0.715627669,0.704526046,0.709649872
215,WikiCS,300,215,0.703672075,0.706233988,0.730999146,0.71363507
77,WikiCS,300,77,0.708795901,0.719043553,0.720751494,0.716196983
64,WikiCS,300,64,0.71648164,0.721605465,0.723313407,0.720466837
17,WikiCS,300,17,0.71648164,0.717335611,0.69940222,0.711073157
89,WikiCS,300,89,0.710503843,0.69940222,0.710503843,0.706803302
46,WikiCS,300,46,0.72587532,0.730999146,0.71648164,0.724452035
116,WikiCS,300,116,0.724167378,0.740392827,0.719897523,0.728152576
24,WikiCS,300,24,0.714773698,0.69000854,0.719043553,0.70794193
283,WikiCS,300,283,0.719897523,0.727583262,0.742100769,0.729860518
278,WikiCS,300,278,0.704526046,0.702818104,0.719897523,0.709080558
132,WikiCS,300,132,0.736976943,0.706233988,0.728437233,0.723882721
117,WikiCS,300,117,0.715627669,0.723313407,0.711357814,0.716766297
158,WikiCS,300,158,0.728437233,0.70794193,0.697694278,0.711357814
255,WikiCS,300,255,0.701964133,0.718189582,0.732707088,0.717620268
194,WikiCS,300,194,0.689154569,0.71648164,0.721605465,0.709080558
253,WikiCS,300,253,0.714773698,0.697694278,0.726729291,0.713065756
3,WikiCS,300,3,0.714773698,0.705380017,0.73441503,0.718189582
179,WikiCS,300,179,0.703672075,0.698548249,0.706233988,0.702818104
159,WikiCS,300,159,0.725021349,0.701964133,0.711357814,0.712781099
140,WikiCS,300,140,0.695986336,0.719043553,0.709649872,0.708226587
262,WikiCS,300,262,0.715627669,0.723313407,0.711357814,0.716766297
88,WikiCS,300,88,0.715627669,0.71648164,0.720751494,0.717620268
169,WikiCS,300,169,0.713919727,0.709649872,0.704526046,0.709365215
57,WikiCS,300,57,0.727583262,0.718189582,0.703672075,0.71648164
240,WikiCS,300,240,0.72587532,0.708795901,0.712211785,0.715627669
295,WikiCS,300,295,0.719897523,0.722459436,0.695132365,0.712496442
256,WikiCS,300,256,0.695986336,0.721605465,0.733561059,0.717050954
266,WikiCS,300,266,0.732707088,0.722459436,0.726729291,0.727298605
280,WikiCS,300,280,0.694278395,0.726729291,0.721605465,0.714204384
208,WikiCS,300,208,0.719897523,0.695132365,0.727583262,0.714204384
246,WikiCS,300,246,0.704526046,0.710503843,0.713065756,0.709365215
111,WikiCS,300,111,0.713065756,0.70794193,0.731853117,0.717620268
171,WikiCS,300,171,0.724167378,0.709649872,0.718189582,0.717335611
79,WikiCS,300,79,0.73441503,0.712211785,0.715627669,0.720751494
274,WikiCS,300,274,0.679760888,0.719897523,0.694278395,0.697978935
219,WikiCS,300,219,0.701110162,0.719043553,0.711357814,0.710503843
276,WikiCS,300,276,0.701110162,0.736122972,0.711357814,0.716196983
211,WikiCS,300,211,0.713065756,0.737830914,0.713065756,0.721320808
42,WikiCS,300,42,0.715627669,0.701110162,0.711357814,0.709365215
216,WikiCS,300,216,0.724167378,0.720751494,0.713065756,0.71932821
207,WikiCS,300,207,0.702818104,0.722459436,0.730145175,0.718474239
243,WikiCS,300,243,0.71648164,0.733561059,0.707087959,0.719043553
127,WikiCS,300,127,0.724167378,0.724167378,0.715627669,0.721320808
271,WikiCS,300,271,0.704526046,0.720751494,0.721605465,0.715627669
167,WikiCS,300,167,0.710503843,0.695132365,0.713919727,0.706518645
6,WikiCS,300,6,0.693424424,0.717335611,0.701110162,0.703956732
150,WikiCS,300,150,0.722459436,0.695986336,0.696840307,0.70509536
22,WikiCS,300,22,0.713065756,0.700256191,0.708795901,0.707372616
85,WikiCS,300,85,0.723313407,0.72587532,0.709649872,0.719612866
153,WikiCS,300,153,0.71648164,0.711357814,0.714773698,0.714204384
58,WikiCS,300,58,0.733561059,0.707087959,0.715627669,0.718758896
110,WikiCS,300,110,0.711357814,0.742100769,0.700256191,0.717904925
69,WikiCS,300,69,0.700256191,0.730145175,0.705380017,0.711927128
166,WikiCS,300,166,0.722459436,0.693424424,0.71648164,0.7107885
141,WikiCS,300,141,0.712211785,0.721605465,0.694278395,0.709365215
21,WikiCS,300,21,0.732707088,0.711357814,0.69940222,0.714489041
212,WikiCS,300,212,0.700256191,0.70794193,0.72587532,0.711357814
75,WikiCS,300,75,0.718189582,0.701964133,0.71648164,0.712211785
180,WikiCS,300,180,0.701110162,0.739538856,0.737830914,0.726159977
269,WikiCS,300,269,0.709649872,0.702818104,0.738684885,0.717050954
155,WikiCS,300,155,0.730145175,0.713065756,0.719043553,0.720751494
86,WikiCS,300,86,0.705380017,0.731853117,0.695986336,0.711073157
260,WikiCS,300,260,0.701110162,0.719043553,0.719043553,0.713065756
1,WikiCS,300,1,0.722459436,0.724167378,0.711357814,0.71932821
108,WikiCS,300,108,0.719897523,0.723313407,0.714773698,0.71932821
90,WikiCS,300,90,0.709649872,0.706233988,0.718189582,0.711357814
103,WikiCS,300,103,0.685738685,0.715627669,0.711357814,0.704241389
41,WikiCS,300,41,0.713065756,0.70794193,0.694278395,0.70509536
193,WikiCS,300,193,0.733561059,0.715627669,0.709649872,0.719612866
83,WikiCS,300,83,0.711357814,0.693424424,0.695132365,0.699971534
284,WikiCS,300,284,0.747224594,0.71648164,0.719897523,0.727867919
107,WikiCS,300,107,0.708795901,0.711357814,0.710503843,0.710219186
170,WikiCS,300,170,0.701964133,0.717335611,0.715627669,0.711642471
290,WikiCS,300,290,0.706233988,0.711357814,0.709649872,0.709080558
104,WikiCS,300,104,0.719897523,0.707087959,0.740392827,0.722459436
264,WikiCS,300,264,0.709649872,0.704526046,0.714773698,0.709649872
213,WikiCS,300,213,0.71648164,0.724167378,0.745516652,0.72872189
52,WikiCS,300,52,0.746370623,0.722459436,0.701110162,0.723313407
100,WikiCS,300,100,0.714773698,0.717335611,0.719043553,0.717050954
50,WikiCS,300,50,0.707087959,0.72587532,0.729291204,0.720751494
34,WikiCS,300,34,0.705380017,0.711357814,0.70794193,0.708226587
234,WikiCS,300,234,0.732707088,0.726729291,0.713065756,0.724167378
0,WikiCS,300,0,0.732707088,0.691716482,0.701964133,0.708795901
60,WikiCS,300,60,0.719897523,0.724167378,0.721605465,0.721890122
236,WikiCS,300,236,0.718189582,0.686592656,0.717335611,0.707372616
30,WikiCS,300,30,0.707087959,0.73441503,0.729291204,0.723598064
164,WikiCS,300,164,0.744662681,0.717335611,0.710503843,0.724167378
31,WikiCS,300,31,0.719043553,0.715627669,0.733561059,0.722744093
270,WikiCS,300,270,0.705380017,0.718189582,0.711357814,0.711642471
139,WikiCS,300,139,0.722459436,0.710503843,0.720751494,0.717904925
81,WikiCS,300,81,0.698548249,0.723313407,0.724167378,0.715343012
277,WikiCS,300,277,0.698548249,0.69940222,0.718189582,0.705380017
