,DataSet,TotalFeat,Range,Round 1,Round 2,Round 3,Average
274,WikiCS,300,274,0.6797608881298036,0.7198975234842016,0.6942783945345858,0.6979789353828636
273,WikiCS,300,273,0.7002561912894961,0.6959863364645602,0.6985482493595218,0.6982635923711927
138,WikiCS,300,138,0.7096498719043552,0.7105038428693423,0.6746370623398804,0.6982635923711927
142,WikiCS,300,142,0.7002561912894961,0.7019641332194705,0.6942783945345858,0.6988329063478508
238,WikiCS,300,238,0.6831767719897524,0.7113578138343296,0.7019641332194705,0.6988329063478508
83,WikiCS,300,83,0.7113578138343296,0.6934244235695987,0.695132365499573,0.6999715343011671
181,WikiCS,300,181,0.703672075149445,0.7002561912894961,0.7002561912894961,0.7013948192428124
130,WikiCS,300,130,0.7019641332194705,0.7019641332194705,0.7019641332194705,0.7019641332194705
254,WikiCS,300,254,0.7053800170794193,0.7053800170794193,0.6968403074295474,0.7025334471961288
26,WikiCS,300,26,0.7113578138343296,0.6959863364645602,0.7002561912894961,0.7025334471961288
192,WikiCS,300,192,0.7070879590093937,0.6908625106746371,0.7105038428693423,0.7028181041844577
179,WikiCS,300,179,0.703672075149445,0.6985482493595218,0.7062339880444065,0.7028181041844577
189,WikiCS,300,189,0.71733561058924,0.7122117847993168,0.6789069171648164,0.7028181041844578
285,WikiCS,300,285,0.7087959009393681,0.6985482493595218,0.7028181041844578,0.7033874181611158
223,WikiCS,300,223,0.71733561058924,0.6865926558497011,0.7062339880444065,0.7033874181611158
61,WikiCS,300,61,0.6959863364645602,0.7002561912894961,0.7147736976942783,0.703672075149445
6,WikiCS,300,6,0.6934244235695987,0.71733561058924,0.7011101622544833,0.7039567321377739
7,WikiCS,300,7,0.707941929974381,0.6789069171648164,0.7250213492741246,0.7039567321377741
43,WikiCS,300,43,0.6865926558497011,0.7019641332194705,0.7233134073441504,0.7039567321377741
103,WikiCS,300,103,0.6857386848847139,0.7156276686592656,0.7113578138343296,0.704241389126103
114,WikiCS,300,114,0.7045260461144321,0.7011101622544833,0.707941929974381,0.7045260461144321
41,WikiCS,300,41,0.713065755764304,0.707941929974381,0.6942783945345858,0.7050953600910903
144,WikiCS,300,144,0.7412467976088813,0.6806148590947908,0.6934244235695987,0.7050953600910903
150,WikiCS,300,150,0.7224594363791632,0.6959863364645602,0.6968403074295474,0.7050953600910903
13,WikiCS,300,13,0.7087959009393681,0.6994022203245089,0.707941929974381,0.7053800170794192
277,WikiCS,300,277,0.6985482493595218,0.6994022203245089,0.7181895815542272,0.7053800170794192
133,WikiCS,300,133,0.7309991460290349,0.7011101622544833,0.6857386848847139,0.7059493310560775
25,WikiCS,300,25,0.6994022203245089,0.6959863364645602,0.7224594363791632,0.7059493310560775
67,WikiCS,300,67,0.71733561058924,0.6900085397096499,0.7113578138343296,0.7062339880444065
55,WikiCS,300,55,0.6925704526046115,0.703672075149445,0.7224594363791632,0.7062339880444065
167,WikiCS,300,167,0.7105038428693423,0.695132365499573,0.7139197267292912,0.7065186450327355
279,WikiCS,300,279,0.6994022203245089,0.7139197267292912,0.7062339880444065,0.7065186450327355
89,WikiCS,300,89,0.7105038428693423,0.6994022203245089,0.7105038428693423,0.7068033020210646
37,WikiCS,300,37,0.707941929974381,0.6976942783945346,0.7147736976942783,0.7068033020210646
152,WikiCS,300,152,0.7062339880444065,0.6857386848847139,0.7292912040990608,0.7070879590093937
121,WikiCS,300,121,0.7045260461144321,0.7019641332194705,0.7147736976942783,0.7070879590093937
91,WikiCS,300,91,0.703672075149445,0.703672075149445,0.7139197267292912,0.7070879590093937
151,WikiCS,300,151,0.7045260461144321,0.71733561058924,0.7002561912894961,0.7073726159977228
186,WikiCS,300,186,0.6925704526046115,0.7053800170794193,0.7241673783091375,0.7073726159977228
236,WikiCS,300,236,0.7181895815542272,0.6865926558497011,0.71733561058924,0.7073726159977228
122,WikiCS,300,122,0.7002561912894961,0.7181895815542272,0.703672075149445,0.7073726159977228
22,WikiCS,300,22,0.713065755764304,0.7002561912894961,0.7087959009393681,0.7073726159977228
146,WikiCS,300,146,0.7164816396242529,0.7105038428693423,0.6959863364645602,0.7076572729860517
4,WikiCS,300,4,0.7122117847993168,0.7181895815542272,0.6925704526046115,0.7076572729860517
227,WikiCS,300,227,0.7139197267292912,0.7028181041844578,0.7062339880444065,0.7076572729860517
24,WikiCS,300,24,0.7147736976942783,0.6900085397096499,0.7190435525192144,0.7079419299743809
140,WikiCS,300,140,0.6959863364645602,0.7190435525192144,0.7096498719043552,0.7082265869627099
34,WikiCS,300,34,0.7053800170794193,0.7113578138343296,0.707941929974381,0.7082265869627099
154,WikiCS,300,154,0.7275832621690861,0.7190435525192144,0.6780529461998293,0.7082265869627099
94,WikiCS,300,94,0.713065755764304,0.71733561058924,0.6942783945345858,0.7082265869627099
249,WikiCS,300,249,0.7062339880444065,0.703672075149445,0.7156276686592656,0.708511243951039
0,WikiCS,300,0,0.7327070879590093,0.6917164816396243,0.7019641332194705,0.708795900939368
292,WikiCS,300,292,0.7002561912894961,0.7258753202391118,0.7002561912894961,0.708795900939368
70,WikiCS,300,70,0.7045260461144321,0.6994022203245089,0.7224594363791632,0.7087959009393682
129,WikiCS,300,129,0.6959863364645602,0.7122117847993168,0.7181895815542272,0.7087959009393682
136,WikiCS,300,136,0.7224594363791632,0.7045260461144321,0.6994022203245089,0.7087959009393682
278,WikiCS,300,278,0.7045260461144321,0.7028181041844578,0.7198975234842016,0.7090805579276971
290,WikiCS,300,290,0.7062339880444065,0.7113578138343296,0.7096498719043552,0.7090805579276971
92,WikiCS,300,92,0.7062339880444065,0.7096498719043552,0.7113578138343296,0.7090805579276971
172,WikiCS,300,172,0.6994022203245089,0.7284372331340735,0.6994022203245089,0.7090805579276971
265,WikiCS,300,265,0.7207514944491888,0.7028181041844578,0.703672075149445,0.7090805579276972
194,WikiCS,300,194,0.6891545687446626,0.7164816396242529,0.721605465414176,0.7090805579276972
169,WikiCS,300,169,0.7139197267292912,0.7096498719043552,0.7045260461144321,0.7093652149160262
32,WikiCS,300,32,0.6985482493595218,0.7105038428693423,0.7190435525192144,0.7093652149160262
231,WikiCS,300,231,0.7122117847993168,0.6985482493595218,0.71733561058924,0.7093652149160262
42,WikiCS,300,42,0.7156276686592656,0.7011101622544833,0.7113578138343296,0.7093652149160262
246,WikiCS,300,246,0.7045260461144321,0.7105038428693423,0.713065755764304,0.7093652149160262
141,WikiCS,300,141,0.7122117847993168,0.721605465414176,0.6942783945345858,0.7093652149160263
267,WikiCS,300,267,0.721605465414176,0.6968403074295474,0.7105038428693423,0.7096498719043552
264,WikiCS,300,264,0.7096498719043552,0.7045260461144321,0.7147736976942783,0.7096498719043552
115,WikiCS,300,115,0.7190435525192144,0.6848847139197267,0.7250213492741246,0.7096498719043552
190,WikiCS,300,190,0.7087959009393681,0.7156276686592656,0.7045260461144321,0.7096498719043552
286,WikiCS,300,286,0.7113578138343296,0.7011101622544833,0.7164816396242529,0.7096498719043552
106,WikiCS,300,106,0.7378309137489325,0.7113578138343296,0.6806148590947908,0.7099345288926843
59,WikiCS,300,59,0.7011101622544833,0.71733561058924,0.7113578138343296,0.7099345288926844
107,WikiCS,300,107,0.7087959009393681,0.7113578138343296,0.7105038428693423,0.7102191858810133
219,WikiCS,300,219,0.7011101622544833,0.7190435525192144,0.7113578138343296,0.7105038428693424
258,WikiCS,300,258,0.7224594363791632,0.7207514944491888,0.6883005977796754,0.7105038428693424
131,WikiCS,300,131,0.7045260461144321,0.7258753202391118,0.7019641332194705,0.7107884998576716
247,WikiCS,300,247,0.7284372331340735,0.7087959009393681,0.695132365499573,0.7107884998576716
214,WikiCS,300,214,0.6857386848847139,0.7292912040990608,0.71733561058924,0.7107884998576716
251,WikiCS,300,251,0.7139197267292912,0.7190435525192144,0.6994022203245089,0.7107884998576716
166,WikiCS,300,166,0.7224594363791632,0.6934244235695987,0.7164816396242529,0.7107884998576717
197,WikiCS,300,197,0.7070879590093937,0.7181895815542272,0.707941929974381,0.7110731568460006
257,WikiCS,300,257,0.7181895815542272,0.6959863364645602,0.7190435525192144,0.7110731568460006
44,WikiCS,300,44,0.7275832621690861,0.7113578138343296,0.6942783945345858,0.7110731568460006
86,WikiCS,300,86,0.7053800170794193,0.7318531169940222,0.6959863364645602,0.7110731568460006
17,WikiCS,300,17,0.7164816396242529,0.71733561058924,0.6994022203245089,0.7110731568460006
225,WikiCS,300,225,0.7139197267292912,0.7002561912894961,0.7198975234842016,0.7113578138343296
158,WikiCS,300,158,0.7284372331340735,0.707941929974381,0.6976942783945346,0.7113578138343296
263,WikiCS,300,263,0.7198975234842016,0.7070879590093937,0.7070879590093937,0.7113578138343296
90,WikiCS,300,90,0.7096498719043552,0.7062339880444065,0.7181895815542272,0.7113578138343296
212,WikiCS,300,212,0.7002561912894961,0.707941929974381,0.7258753202391118,0.7113578138343297
270,WikiCS,300,270,0.7053800170794193,0.7181895815542272,0.7113578138343296,0.7116424708226586
170,WikiCS,300,170,0.7019641332194705,0.71733561058924,0.7156276686592656,0.7116424708226586
96,WikiCS,300,96,0.7241673783091375,0.7122117847993168,0.6985482493595218,0.7116424708226586
229,WikiCS,300,229,0.7139197267292912,0.7190435525192144,0.7028181041844578,0.7119271278109878
14,WikiCS,300,14,0.7062339880444065,0.7156276686592656,0.7139197267292912,0.7119271278109878
137,WikiCS,300,137,0.7028181041844578,0.7113578138343296,0.721605465414176,0.7119271278109878
69,WikiCS,300,69,0.7002561912894961,0.7301451750640479,0.7053800170794193,0.7119271278109878
125,WikiCS,300,125,0.7096498719043552,0.7011101622544833,0.7250213492741246,0.7119271278109878
248,WikiCS,300,248,0.7147736976942783,0.7045260461144321,0.7164816396242529,0.7119271278109878
51,WikiCS,300,51,0.6925704526046115,0.713065755764304,0.7309991460290349,0.7122117847993167
54,WikiCS,300,54,0.721605465414176,0.6857386848847139,0.7292912040990608,0.7122117847993169
145,WikiCS,300,145,0.7233134073441504,0.7028181041844578,0.7105038428693423,0.7122117847993169
75,WikiCS,300,75,0.7181895815542272,0.7019641332194705,0.7164816396242529,0.7122117847993169
217,WikiCS,300,217,0.695132365499573,0.7190435525192144,0.7224594363791632,0.7122117847993169
209,WikiCS,300,209,0.7139197267292912,0.7139197267292912,0.7096498719043552,0.7124964417876458
66,WikiCS,300,66,0.7096498719043552,0.7275832621690861,0.7002561912894961,0.7124964417876458
73,WikiCS,300,73,0.7122117847993168,0.6942783945345858,0.7309991460290349,0.7124964417876458
295,WikiCS,300,295,0.7198975234842016,0.7224594363791632,0.695132365499573,0.7124964417876459
148,WikiCS,300,148,0.7011101622544833,0.7258753202391118,0.7113578138343296,0.712781098775975
163,WikiCS,300,163,0.7156276686592656,0.7053800170794193,0.71733561058924,0.712781098775975
56,WikiCS,300,56,0.7181895815542272,0.6976942783945346,0.7224594363791632,0.712781098775975
159,WikiCS,300,159,0.7250213492741246,0.7019641332194705,0.7113578138343296,0.712781098775975
135,WikiCS,300,135,0.707941929974381,0.7164816396242529,0.7139197267292912,0.7127810987759751
253,WikiCS,300,253,0.7147736976942783,0.6976942783945346,0.726729291204099,0.7130657557643039
93,WikiCS,300,93,0.7147736976942783,0.7053800170794193,0.7190435525192144,0.713065755764304
260,WikiCS,300,260,0.7011101622544833,0.7190435525192144,0.7190435525192144,0.713065755764304
220,WikiCS,300,220,0.7318531169940222,0.6857386848847139,0.721605465414176,0.713065755764304
233,WikiCS,300,233,0.7147736976942783,0.7053800170794193,0.7190435525192144,0.713065755764304
147,WikiCS,300,147,0.7070879590093937,0.7011101622544833,0.7318531169940222,0.7133504127526331
47,WikiCS,300,47,0.703672075149445,0.721605465414176,0.7147736976942783,0.7133504127526331
35,WikiCS,300,35,0.7156276686592656,0.726729291204099,0.6976942783945346,0.7133504127526331
188,WikiCS,300,188,0.6994022203245089,0.7275832621690861,0.7139197267292912,0.713635069740962
215,WikiCS,300,215,0.703672075149445,0.7062339880444065,0.7309991460290349,0.713635069740962
118,WikiCS,300,118,0.6985482493595218,0.713065755764304,0.7301451750640479,0.7139197267292912
176,WikiCS,300,176,0.7164816396242529,0.7122117847993168,0.713065755764304,0.7139197267292912
297,WikiCS,300,297,0.7156276686592656,0.7207514944491888,0.7062339880444065,0.7142043837176203
208,WikiCS,300,208,0.7198975234842016,0.695132365499573,0.7275832621690861,0.7142043837176203
287,WikiCS,300,287,0.7122117847993168,0.7352690008539708,0.695132365499573,0.7142043837176203
5,WikiCS,300,5,0.7070879590093937,0.7241673783091375,0.7113578138343296,0.7142043837176203
153,WikiCS,300,153,0.7164816396242529,0.7113578138343296,0.7147736976942783,0.7142043837176203
280,WikiCS,300,280,0.6942783945345858,0.726729291204099,0.721605465414176,0.7142043837176203
134,WikiCS,300,134,0.7113578138343296,0.7327070879590093,0.6994022203245089,0.7144890407059492
21,WikiCS,300,21,0.7327070879590093,0.7113578138343296,0.6994022203245089,0.7144890407059492
221,WikiCS,300,221,0.7002561912894961,0.7207514944491888,0.7224594363791632,0.7144890407059493
173,WikiCS,300,173,0.721605465414176,0.7224594363791632,0.6994022203245089,0.7144890407059493
78,WikiCS,300,78,0.7250213492741246,0.7002561912894961,0.7181895815542272,0.7144890407059493
63,WikiCS,300,63,0.6968403074295474,0.7241673783091375,0.7224594363791632,0.7144890407059493
205,WikiCS,300,205,0.7207514944491888,0.7002561912894961,0.7224594363791632,0.7144890407059493
241,WikiCS,300,241,0.7233134073441504,0.71733561058924,0.703672075149445,0.7147736976942785
259,WikiCS,300,259,0.7002561912894961,0.7275832621690861,0.7164816396242529,0.7147736976942785
272,WikiCS,300,272,0.7019641332194705,0.7028181041844578,0.7403928266438939,0.7150583546826074
200,WikiCS,300,200,0.7258753202391118,0.6994022203245089,0.7198975234842016,0.7150583546826074
81,WikiCS,300,81,0.6985482493595218,0.7233134073441504,0.7241673783091375,0.7153430116709365
109,WikiCS,300,109,0.7198975234842016,0.7105038428693423,0.7156276686592656,0.7153430116709365
143,WikiCS,300,143,0.7087959009393681,0.7198975234842016,0.71733561058924,0.7153430116709365
102,WikiCS,300,102,0.7070879590093937,0.7275832621690861,0.7113578138343296,0.7153430116709365
119,WikiCS,300,119,0.7250213492741246,0.7002561912894961,0.721605465414176,0.7156276686592656
240,WikiCS,300,240,0.7258753202391118,0.7087959009393681,0.7122117847993168,0.7156276686592656
271,WikiCS,300,271,0.7045260461144321,0.7207514944491888,0.721605465414176,0.7156276686592656
45,WikiCS,300,45,0.7275832621690861,0.6934244235695987,0.7258753202391118,0.7156276686592656
53,WikiCS,300,53,0.707941929974381,0.7087959009393681,0.7309991460290349,0.7159123256475947
250,WikiCS,300,250,0.7164816396242529,0.7122117847993168,0.7190435525192144,0.7159123256475947
276,WikiCS,300,276,0.7011101622544833,0.7361229718189581,0.7113578138343296,0.7161969826359237
99,WikiCS,300,99,0.7301451750640479,0.7113578138343296,0.7070879590093937,0.7161969826359238
77,WikiCS,300,77,0.7087959009393681,0.7190435525192144,0.7207514944491888,0.7161969826359238
20,WikiCS,300,20,0.7190435525192144,0.7096498719043552,0.7207514944491888,0.7164816396242527
203,WikiCS,300,203,0.7258753202391118,0.6994022203245089,0.7241673783091375,0.7164816396242527
57,WikiCS,300,57,0.7275832621690861,0.7181895815542272,0.703672075149445,0.7164816396242527
2,WikiCS,300,2,0.7113578138343296,0.7292912040990608,0.7087959009393681,0.7164816396242527
185,WikiCS,300,185,0.7045260461144321,0.7258753202391118,0.7190435525192144,0.7164816396242527
252,WikiCS,300,252,0.721605465414176,0.7122117847993168,0.7156276686592656,0.7164816396242529
12,WikiCS,300,12,0.7233134073441504,0.7028181041844578,0.7241673783091375,0.7167662966125818
117,WikiCS,300,117,0.7156276686592656,0.7233134073441504,0.7113578138343296,0.7167662966125818
262,WikiCS,300,262,0.7156276686592656,0.7233134073441504,0.7113578138343296,0.7167662966125818
244,WikiCS,300,244,0.7122117847993168,0.7122117847993168,0.7258753202391118,0.7167662966125818
72,WikiCS,300,72,0.71733561058924,0.6976942783945346,0.7352690008539708,0.7167662966125818
228,WikiCS,300,228,0.7190435525192144,0.7233134073441504,0.707941929974381,0.716766296612582
100,WikiCS,300,100,0.7147736976942783,0.71733561058924,0.7190435525192144,0.717050953600911
256,WikiCS,300,256,0.6959863364645602,0.721605465414176,0.7335610589239966,0.717050953600911
269,WikiCS,300,269,0.7096498719043552,0.7028181041844578,0.7386848847139198,0.717050953600911
68,WikiCS,300,68,0.7122117847993168,0.7198975234842016,0.7190435525192144,0.717050953600911
113,WikiCS,300,113,0.7250213492741246,0.7122117847993168,0.7139197267292912,0.717050953600911
235,WikiCS,300,235,0.707941929974381,0.7361229718189581,0.7070879590093937,0.717050953600911
201,WikiCS,300,201,0.7011101622544833,0.7164816396242529,0.7335610589239966,0.717050953600911
298,WikiCS,300,298,0.7139197267292912,0.7258753202391118,0.7113578138343296,0.717050953600911
232,WikiCS,300,232,0.7113578138343296,0.7241673783091375,0.7156276686592656,0.717050953600911
171,WikiCS,300,171,0.7241673783091375,0.7096498719043552,0.7181895815542272,0.7173356105892399
76,WikiCS,300,76,0.7045260461144321,0.7284372331340735,0.7190435525192144,0.71733561058924
62,WikiCS,300,62,0.7139197267292912,0.7403928266438939,0.6985482493595218,0.717620267577569
111,WikiCS,300,111,0.713065755764304,0.707941929974381,0.7318531169940222,0.717620267577569
255,WikiCS,300,255,0.7019641332194705,0.7181895815542272,0.7327070879590093,0.717620267577569
80,WikiCS,300,80,0.7250213492741246,0.7147736976942783,0.713065755764304,0.717620267577569
82,WikiCS,300,82,0.7224594363791632,0.7062339880444065,0.7241673783091375,0.717620267577569
10,WikiCS,300,10,0.7002561912894961,0.7224594363791632,0.7301451750640479,0.7176202675775691
16,WikiCS,300,16,0.7224594363791632,0.7045260461144321,0.7258753202391118,0.7176202675775691
71,WikiCS,300,71,0.7147736976942783,0.721605465414176,0.7164816396242529,0.7176202675775691
88,WikiCS,300,88,0.7156276686592656,0.7164816396242529,0.7207514944491888,0.7176202675775691
139,WikiCS,300,139,0.7224594363791632,0.7105038428693423,0.7207514944491888,0.717904924565898
110,WikiCS,300,110,0.7113578138343296,0.7421007685738685,0.7002561912894961,0.717904924565898
224,WikiCS,300,224,0.7028181041844578,0.7275832621690861,0.7241673783091375,0.7181895815542271
3,WikiCS,300,3,0.7147736976942783,0.7053800170794193,0.7344150298889838,0.7181895815542271
183,WikiCS,300,183,0.7070879590093937,0.7361229718189581,0.7113578138343296,0.7181895815542272
288,WikiCS,300,288,0.7361229718189581,0.6900085397096499,0.7284372331340735,0.7181895815542272
165,WikiCS,300,165,0.721605465414176,0.6917164816396243,0.7412467976088813,0.7181895815542272
65,WikiCS,300,65,0.7164816396242529,0.7181895815542272,0.7198975234842016,0.7181895815542273
87,WikiCS,300,87,0.7198975234842016,0.713065755764304,0.7224594363791632,0.7184742385425563
182,WikiCS,300,182,0.6959863364645602,0.7147736976942783,0.74466268146883,0.7184742385425563
207,WikiCS,300,207,0.7028181041844578,0.7224594363791632,0.7301451750640479,0.7184742385425563
222,WikiCS,300,222,0.7318531169940222,0.7164816396242529,0.707941929974381,0.7187588955308853
299,WikiCS,300,299,0.7156276686592656,0.7250213492741246,0.7156276686592656,0.7187588955308853
58,WikiCS,300,58,0.7335610589239966,0.7070879590093937,0.7156276686592656,0.7187588955308853
195,WikiCS,300,195,0.7181895815542272,0.7198975234842016,0.7190435525192144,0.7190435525192144
202,WikiCS,300,202,0.7421007685738685,0.7011101622544833,0.7139197267292912,0.7190435525192144
293,WikiCS,300,293,0.7156276686592656,0.7053800170794193,0.7361229718189581,0.7190435525192144
243,WikiCS,300,243,0.7164816396242529,0.7335610589239966,0.7070879590093937,0.7190435525192145
1,WikiCS,300,1,0.7224594363791632,0.7241673783091375,0.7113578138343296,0.7193282095075434
108,WikiCS,300,108,0.7198975234842016,0.7233134073441504,0.7147736976942783,0.7193282095075434
245,WikiCS,300,245,0.7318531169940222,0.7045260461144321,0.721605465414176,0.7193282095075434
216,WikiCS,300,216,0.7241673783091375,0.7207514944491888,0.713065755764304,0.7193282095075434
187,WikiCS,300,187,0.7139197267292912,0.7122117847993168,0.7327070879590093,0.7196128664958724
85,WikiCS,300,85,0.7233134073441504,0.7258753202391118,0.7096498719043552,0.7196128664958725
193,WikiCS,300,193,0.7335610589239966,0.7156276686592656,0.7096498719043552,0.7196128664958725
84,WikiCS,300,84,0.7292912040990608,0.7122117847993168,0.71733561058924,0.7196128664958725
161,WikiCS,300,161,0.7233134073441504,0.7292912040990608,0.7062339880444065,0.7196128664958725
206,WikiCS,300,206,0.7147736976942783,0.7275832621690861,0.71733561058924,0.7198975234842014
74,WikiCS,300,74,0.726729291204099,0.7122117847993168,0.7207514944491888,0.7198975234842017
294,WikiCS,300,294,0.7463706233988044,0.7062339880444065,0.7070879590093937,0.7198975234842017
28,WikiCS,300,28,0.7070879590093937,0.7327070879590093,0.7198975234842016,0.7198975234842017
226,WikiCS,300,226,0.7241673783091375,0.7087959009393681,0.7275832621690861,0.7201821804725306
97,WikiCS,300,97,0.7233134073441504,0.7113578138343296,0.7258753202391118,0.7201821804725306
126,WikiCS,300,126,0.7207514944491888,0.713065755764304,0.7275832621690861,0.7204668374608597
64,WikiCS,300,64,0.7164816396242529,0.721605465414176,0.7233134073441504,0.7204668374608598
50,WikiCS,300,50,0.7070879590093937,0.7258753202391118,0.7292912040990608,0.7207514944491887
237,WikiCS,300,237,0.721605465414176,0.7207514944491888,0.7198975234842016,0.7207514944491887
79,WikiCS,300,79,0.7344150298889838,0.7122117847993168,0.7156276686592656,0.7207514944491887
155,WikiCS,300,155,0.7301451750640479,0.713065755764304,0.7190435525192144,0.7207514944491887
98,WikiCS,300,98,0.7250213492741246,0.7207514944491888,0.7164816396242529,0.7207514944491887
112,WikiCS,300,112,0.7207514944491888,0.7292912040990608,0.713065755764304,0.7210361514375179
268,WikiCS,300,268,0.7045260461144321,0.721605465414176,0.7369769427839453,0.7210361514375179
127,WikiCS,300,127,0.7241673783091375,0.7241673783091375,0.7156276686592656,0.7213208084258468
275,WikiCS,300,275,0.7070879590093937,0.7395388556789068,0.71733561058924,0.7213208084258468
296,WikiCS,300,296,0.7207514944491888,0.7190435525192144,0.7241673783091375,0.7213208084258468
211,WikiCS,300,211,0.713065755764304,0.7378309137489325,0.713065755764304,0.7213208084258468
120,WikiCS,300,120,0.7156276686592656,0.7164816396242529,0.7318531169940222,0.721320808425847
33,WikiCS,300,33,0.7147736976942783,0.707941929974381,0.7421007685738685,0.7216054654141759
60,WikiCS,300,60,0.7198975234842016,0.7241673783091375,0.721605465414176,0.721890122402505
15,WikiCS,300,15,0.7369769427839453,0.703672075149445,0.7250213492741246,0.721890122402505
8,WikiCS,300,8,0.713065755764304,0.7318531169940222,0.721605465414176,0.7221747793908341
162,WikiCS,300,162,0.703672075149445,0.7250213492741246,0.7378309137489325,0.7221747793908341
175,WikiCS,300,175,0.721605465414176,0.7284372331340735,0.7164816396242529,0.7221747793908341
177,WikiCS,300,177,0.7207514944491888,0.7190435525192144,0.7275832621690861,0.7224594363791631
191,WikiCS,300,191,0.7198975234842016,0.7233134073441504,0.7241673783091375,0.7224594363791631
104,WikiCS,300,104,0.7198975234842016,0.7070879590093937,0.7403928266438939,0.7224594363791631
168,WikiCS,300,168,0.7224594363791632,0.7284372331340735,0.7164816396242529,0.7224594363791632
242,WikiCS,300,242,0.7190435525192144,0.7403928266438939,0.7087959009393681,0.722744093367492
31,WikiCS,300,31,0.7190435525192144,0.7156276686592656,0.7335610589239966,0.7227440933674921
52,WikiCS,300,52,0.7463706233988044,0.7224594363791632,0.7011101622544833,0.7233134073441502
95,WikiCS,300,95,0.7198975234842016,0.7318531169940222,0.7181895815542272,0.7233134073441504
149,WikiCS,300,149,0.721605465414176,0.7327070879590093,0.7156276686592656,0.7233134073441504
157,WikiCS,300,157,0.7344150298889838,0.7207514944491888,0.7147736976942783,0.7233134073441504
128,WikiCS,300,128,0.7181895815542272,0.7378309137489325,0.7147736976942783,0.7235980643324793
19,WikiCS,300,19,0.7309991460290349,0.7156276686592656,0.7241673783091375,0.7235980643324793
289,WikiCS,300,289,0.7275832621690861,0.7352690008539708,0.707941929974381,0.7235980643324793
30,WikiCS,300,30,0.7070879590093937,0.7344150298889838,0.7292912040990608,0.7235980643324794
160,WikiCS,300,160,0.7164816396242529,0.7361229718189581,0.7181895815542272,0.7235980643324794
18,WikiCS,300,18,0.7181895815542272,0.7344150298889838,0.7181895815542272,0.7235980643324794
11,WikiCS,300,11,0.7386848847139198,0.7318531169940222,0.7011101622544833,0.7238827213208084
132,WikiCS,300,132,0.7369769427839453,0.7062339880444065,0.7284372331340735,0.7238827213208084
29,WikiCS,300,29,0.7344150298889838,0.7284372331340735,0.7087959009393681,0.7238827213208084
124,WikiCS,300,124,0.7096498719043552,0.7361229718189581,0.726729291204099,0.7241673783091374
234,WikiCS,300,234,0.7327070879590093,0.726729291204099,0.713065755764304,0.7241673783091374
164,WikiCS,300,164,0.74466268146883,0.71733561058924,0.7105038428693423,0.7241673783091375
178,WikiCS,300,178,0.7087959009393681,0.7344150298889838,0.7292912040990608,0.7241673783091375
46,WikiCS,300,46,0.7258753202391118,0.7309991460290349,0.7164816396242529,0.7244520352974666
281,WikiCS,300,281,0.7369769427839453,0.7028181041844578,0.7344150298889838,0.7247366922857955
27,WikiCS,300,27,0.703672075149445,0.7250213492741246,0.7455166524338173,0.7247366922857955
230,WikiCS,300,230,0.71733561058924,0.71733561058924,0.7412467976088813,0.7253060062624538
101,WikiCS,300,101,0.7241673783091375,0.726729291204099,0.7258753202391118,0.7255906632507828
218,WikiCS,300,218,0.7369769427839453,0.71733561058924,0.7233134073441504,0.7258753202391119
180,WikiCS,300,180,0.7011101622544833,0.7395388556789068,0.7378309137489325,0.7261599772274409
174,WikiCS,300,174,0.7403928266438939,0.7361229718189581,0.7019641332194705,0.7261599772274409
40,WikiCS,300,40,0.721605465414176,0.7463706233988044,0.7105038428693423,0.7261599772274409
184,WikiCS,300,184,0.7327070879590093,0.7224594363791632,0.7233134073441504,0.7261599772274411
199,WikiCS,300,199,0.7463706233988044,0.7019641332194705,0.7309991460290349,0.72644463421577
210,WikiCS,300,210,0.7198975234842016,0.7275832621690861,0.7318531169940222,0.72644463421577
38,WikiCS,300,38,0.7361229718189581,0.7318531169940222,0.7122117847993168,0.7267292912040991
9,WikiCS,300,9,0.7421007685738685,0.7190435525192144,0.7190435525192144,0.7267292912040991
156,WikiCS,300,156,0.71733561058924,0.7327070879590093,0.7301451750640479,0.7267292912040991
266,WikiCS,300,266,0.7327070879590093,0.7224594363791632,0.726729291204099,0.7272986051807573
282,WikiCS,300,282,0.7369769427839453,0.726729291204099,0.7190435525192144,0.7275832621690862
284,WikiCS,300,284,0.7472245943637916,0.7164816396242529,0.7198975234842016,0.7278679191574154
39,WikiCS,300,39,0.7207514944491888,0.7344150298889838,0.7292912040990608,0.7281525761457445
116,WikiCS,300,116,0.7241673783091375,0.7403928266438939,0.7198975234842016,0.7281525761457445
105,WikiCS,300,105,0.7275832621690861,0.7292912040990608,0.7284372331340735,0.7284372331340734
49,WikiCS,300,49,0.7207514944491888,0.7113578138343296,0.7540563620836892,0.7287218901224025
204,WikiCS,300,204,0.7455166524338173,0.7190435525192144,0.721605465414176,0.7287218901224025
213,WikiCS,300,213,0.7164816396242529,0.7241673783091375,0.7455166524338173,0.7287218901224026
23,WikiCS,300,23,0.7190435525192144,0.7241673783091375,0.7438087105038429,0.7290065471107315
198,WikiCS,300,198,0.7147736976942783,0.7378309137489325,0.7352690008539708,0.7292912040990606
239,WikiCS,300,239,0.7455166524338173,0.713065755764304,0.7292912040990608,0.7292912040990607
283,WikiCS,300,283,0.7198975234842016,0.7275832621690861,0.7421007685738685,0.7298605180757187
291,WikiCS,300,291,0.7224594363791632,0.7421007685738685,0.7258753202391118,0.7301451750640479
123,WikiCS,300,123,0.7361229718189581,0.721605465414176,0.7335610589239966,0.7304298320523769
196,WikiCS,300,196,0.7301451750640479,0.7258753202391118,0.7412467976088813,0.7324224309706803
261,WikiCS,300,261,0.7472245943637916,0.7284372331340735,0.7241673783091375,0.7332764019356675
36,WikiCS,300,36,0.7335610589239966,0.7472245943637916,0.7258753202391118,0.7355536578423001
48,WikiCS,300,48,0.753202391118702,0.7378309137489325,0.7463706233988044,0.7458013094221463
